{
  "Haryana": [
    {
      "cities": [
        "Faridabad",
        "Gurgaon",
        "Hisar",
        "Rohtak",
        "Panipat",
        "Karnal",
        "Sonipat",
        "Yamunanagar",
        "Panchkula",
        "Bhiwani",
        "Bahadurgarh",
        "Jind",
        "Sirsa",
        "Thanesar",
        "Kaithal",
        "Palwal",
        "Rewari",
        "Hansi",
        "Narnaul",
        "Fatehabad",
        "Gohana",
        "Tohana",
        "Narwana",
        "Mandi Dabwali",
        "Charkhi Dadri",
        "Shahbad",
        "Pehowa",
        "Samalkha",
        "Pinjore",
        "Ladwa",
        "Sohna",
        "Safidon",
        "Taraori",
        "Mahendragarh",
        "Ratia",
        "Rania",
        "Sarsod"
      ],
      "districts": [
        "Ambala",
        "Bhiwani",
        "Charkhi Dadri",
        "Faridabad",
        "Fatehabad",
        "Gurgaon",
        "Hisar",
        "Jhajjar",
        "Jind",
        "Kaithal",
        "Karnal",
        "Kurukshetra",
        "Mahendragarh",
        "Mewat",
        "Palwal",
        "Panchkula",
        "Panipat",
        "Rewari",
        "Rohtak",
        "Sirsa",
        "Sonipat",
        "Yamunanagar"
      ]
    }
  ],
  "Himachal Pradesh": [
    {
      "cities": [
        "Shimla",
        "Mandi",
        "Solan",
        "Nahan",
        "Sundarnagar",
        "Palampur",
        "Kullu",
        "Manali"
      ],
      "districts": [
        "Bilaspur",
        "Chamba",
        "Hamirpur",
        "",
        "",
        "",
        "",
        "",
        "",
        ,
        "",
        ""
      ]
    }
  ],
  "Punjab": [
    {
      "cities": [
        "Ludhiana",
        "Patiala",
        "Amritsar",
        "Jalandhar",
        "Bathinda",
        "Pathankot",
        "Hoshiarpur",
        "Batala",
        "Moga",
        "Malerkotla",
        "Khanna",
        "Mohali",
        "Barnala",
        "Firozpur",
        "Phagwara",
        "Kapurthala",
        "Zirakpur",
        "Kot Kapura",
        "Faridkot",
        "Muktsar",
        "Rajpura",
        "Sangrur",
        "Fazilka",
        "Gurdaspur",
        "Kharar",
        "Gobindgarh",
        "Mansa",
        "Malout",
        "Nabha",
        "Tarn Taran",
        "Jagraon",
        "Sunam",
        "Dhuri",
        "Firozpur Cantt.",
        "Sirhind Fatehgarh Sahib",
        "Rupnagar",
        "Jalandhar Cantt.",
        "Samana",
        "Nawanshahr",
        "Rampura Phul",
        "Nangal",
        "Nakodar",
        "Zira",
        "Patti",
        "Raikot",
        "Longowal",
        "Urmar Tanda",
        "Morinda, India",
        "Phillaur",
        "Pattran",
        "Qadian",
        "Sujanpur",
        "Mukerian",
        "Talwara"
      ],
      "districts": [
        "Amritsar",
        "Barnala",
        "Bathinda",
        "Faridkot",
        "Fatehgarh Sahib",
        "Fazilka",
        "Ferozepur",
        "Gurdaspur",
        "Hoshiarpur",
        "Jalandhar",
        "Kapurthala",
        "Ludhiana",
        "Mansa",
        "Moga",
        "Muktsar",
        "Nawanshahr (Shahid Bhagat Singh Nagar)",
        "Pathankot",
        "Patiala",
        "Rupnagar",
        "Sahibzada Ajit Singh Nagar (Mohali)",
        "Sangrur",
        "Tarn Taran"
      ]
    }
  ]
}
