{
  "Chandigarh": [
    {
      "districts": {
        "Chandigarh": {
          "cities": ["Chandigarh"]
        }
      }
    }
  ],
  "Haryana": [
    {
      "districts": {
        "Ambala": {
          "cities": ["Ambala", "Barara", "Naraingarh", "Shahzadpur", "saha"]
        },
        "Bhiwani": {
          "cities": ["Bhiwani", "Loharu", "Siwani", "Tosham", "Charkhi Dadri"]
        },
        "Charkhi Dadri": {
          "cities": ["Charkhi Dadri", "Badhra"]
        },
        "Faridabad": {
          "cities": ["Faridabad", "Ballabgarh"]
        },
        "Fatehabad": {
          "cities": ["Fatehabad", "Tohana", "Ratia"]
        },
        "Hisar": {
          "cities": ["Hisar", "Hansi", "Barwala", "Narnaund"]
        },
        "Jhajjar": {
          "cities": ["Jhajjar", "Bahadurgarh", "Beri", "Matanhail"]
        },
        "Jind": {
          "cities": ["Jind", "Narwana", "Safidon", "Uchana"]
        },
        "Kaithal": {
          "cities": ["Kaithal", "Guhla", "Pundri", "Rajound"]
        },
        "Karnal": {
          "cities": ["Karnal", "Indri", "Assandh", "Gharaunda", "Nilokheri"]
        },
        "Kurukshetra": {
          "cities": ["Kurukshetra", "Thanesar", "Pehowa", "Ladwa", "Shahabad"]
        },
        "Mahendragarh": {
          "cities": ["Mahendragarh", "Narnaul", "Kanina", "Ateli"]
        },
        "Palwal": {
          "cities": ["Palwal", "Hathin", "Hodal"]
        },
        "Panchkula": {
          "cities": ["Panchkula", "Kalka", "Pinjore", "Raipur Rani"]
        },
        "Panipat": {
          "cities": ["Panipat", "Samalkha", "Israna"]
        },
        "Rewari": {
          "cities": ["Rewari", "Bawal", "Kosli"]
        },
        "Rohtak": {
          "cities": ["Rohtak", "Maham", "Sampla", "Kalanaur"]
        },
        "Sirsa": {
          "cities": ["Sirsa", "Dabwali", "Rania", "Ellenabad"]
        },
        "Sonipat": {
          "cities": ["Sonipat", "Gohana", "Kharkhoda", "Mundlana"]
        },
        "Yamunanagar": {
          "cities": [
            "Yamunanagar",
            "Jagadhri",
            "Radaur",
            "Bilaspur",
            "Chhachhrauli"
          ]
        }
      }
    }
  ],
  "Himachal Pradesh": [
    {
      "districts": {
        "Bilaspur": {
          "cities": [
            "Takhatpur",
            "Masturi",
            "Bilha",
            "Bilaspur",
            "Jhandutta",
            "Ghumarwin",
            "Sri Nainadevi"
          ]
        },
        "Chamba": {
          "cities": ["Chamba", "Dalhousie", "Bhattiyat", "Pangi", "Salooni"]
        },
        "Hamirpur": {
          "cities": [
            "Hamirpur",
            "Nadaun",
            "Bari",
            "Bijhari",
            "Hamirpur",
            "Rath",
            "Maudaha",
            "Sarila"
          ]
        },
        "Kangra": {
          "cities": [
            "Dharamshala",
            "Palampur",
            "Kangra",
            "Nagrota",
            "Jaisinghpur",
            "Kangra",
            "Indora"
          ]
        },
        "Kinnaur": {
          "cities": ["Reckong Peo", "Kalpa", "Nichar", "Chini"]
        },
        "Kullu": {
          "cities": ["Kullu", "Manali", "Banjar", "Anni"]
        },
        "Lahaul and Spiti": {
          "cities": ["Keylong", "Udaipur", "Kaza"]
        },
        "Mandi": {
          "cities": [
            "Mandi",
            "Nerchowk",
            "Sundernagar",
            "Karsog",
            "Seraj",
            "Balh"
          ]
        },
        "Shimla": {
          "cities": [
            "Shimla",
            "Chopal",
            "Theog",
            "Kangra",
            "Jubbal",
            "Naldehra"
          ]
        },
        "Sirmaur (Sirmour)": {
          "cities": ["Nahan", "Paonta Sahib", "Shillai", "Rajgarh"]
        },
        "Solan": {
          "cities": ["Solan", "Kasauli", "Nalagarh", "Arki", "Saproon"]
        },
        "Una": {
          "cities": ["Una", "Haroli", "Bangana", "Gagret"]
        }
      }
    }
  ],
  "Punjab": [
    {
      "districts": {
        "Amritsar": {
          "cities": ["Amritsar", "Ajnala", "Tarn Taran", "Raya", "Chheharta"]
        },
        "Bathinda": {
          "cities": ["Bathinda", "Mansa", "Maur", "Rampura Phul", "Bhadaur"]
        },
        "Faridkot": {
          "cities": ["Faridkot", "Jaito", "Kotkapura", "Mandi"]
        },
        "Firozpur": {
          "cities": ["Firozpur", "Guru Har Sahai", "Moga", "Zira"]
        },
        "Fatehgarh Sahib": {
          "cities": ["Fatehgarh Sahib", "Khamano", "Amloh", "Bassi Pathana"]
        },
        "Gurdaspur": {
          "cities": ["Gurdaspur", "Batala", "Dhariwal", "Qadian", "Kahnuwan"]
        },
        "Hoshiarpur": {
          "cities": ["Hoshiarpur", "Dasuya", "Talwara", "Mahilpur", "Tanda"]
        },
        "Jalandhar": {
          "cities": ["Jalandhar", "Nakodar", "Shahkot", "Kartarpur", "Phillaur"]
        },
        "Kapurthala": {
          "cities": ["Kapurthala", "Phagwara", "Bholath", "Fattuwal"]
        },
        "Ludhiana": {
          "cities": ["Ludhiana", "Jagraon", "Samrala", "Khanna", "Payal"]
        },
        "Mansa": {
          "cities": ["Mansa", "Budhlada", "Sardulgarh", "Jhunir"]
        },
        "Moga": {
          "cities": ["Moga", "Bajakhana", "Dharamkot"]
        },
        "Muktsar": {
          "cities": ["Muktsar", "Malout", "Lambi", "Gidderbaha"]
        },
        "Nawanshahr": {
          "cities": ["Nawan Shahr", "Balachaur", "Sarhind"]
        },
        "Pathankot": {
          "cities": ["Pathankot", "Shahpur", "Dinanagar"]
        },
        "Patiala": {
          "cities": ["Patiala", "Rajpura", "Samana", "Raja Pura", "Ghagga"]
        },
        "Rupnagar": {
          "cities": ["Rupnagar", "Kharar", "Nawanshahr", "Morinda"]
        },
        "Sangrur": {
          "cities": ["Sangrur", "Malerkotla", "Dirba", "Lehra"]
        },
        "Tarn Taran": {
          "cities": ["Tarn Taran", "Khemkaran", "Baba Bakala", "Goindwal"]
        }
      }
    }
  ]
}
