{"content":[],"settings":{"template":"default","system_colors":[{"_id":"primary","title":"Primary","color":"#C8F8A9"},{"_id":"secondary","title":"Secondary","color":"#0F3D3A"},{"_id":"text","title":"Text","color":"#000000"},{"_id":"accent","title":"Accent","color":"#F2F5F1"}],"custom_colors":[{"_id":"b968648","title":"white","color":"#FFFFFF"},{"_id":"9f1162d","title":"ffffff80","color":"#FFFFFF80"},{"_id":"46334ec","title":"000000bf","color":"#000000BF"},{"_id":"15d83a3","title":"#404040","color":"#404040"},{"_id":"836ca44","title":"#e6e6e6","color":"#E6E6E6"},{"_id":"85f5b41","title":"black_10%","color":"#0000001A"}],"system_typography":[{"_id":"primary","title":"forum_56","typography_typography":"custom","typography_font_family":"Forum","typography_font_weight":"400","typography_font_size":{"unit":"px","size":56,"sizes":[]},"typography_line_height":{"unit":"em","size":1.3,"sizes":[]},"typography_font_size_tablet_extra":{"unit":"px","size":44,"sizes":[]},"typography_font_size_tablet":{"unit":"px","size":34,"sizes":[]},"typography_font_size_mobile_extra":{"unit":"px","size":28,"sizes":[]},"typography_font_size_mobile":{"unit":"px","size":24,"sizes":[]}},{"_id":"secondary","title":"dm_sans_16","typography_typography":"custom","typography_font_family":"DM Sans","typography_font_weight":"400","typography_font_size":{"unit":"px","size":16,"sizes":[]},"typography_line_height":{"unit":"em","size":1.7,"sizes":[]},"typography_font_size_mobile_extra":{"unit":"px","size":15,"sizes":[]}},{"_id":"text","title":"dm_sans_30","typography_typography":"custom","typography_font_family":"DM Sans","typography_font_weight":"400","typography_font_size":{"unit":"px","size":30,"sizes":[]},"typography_line_height":{"unit":"em","size":1.5,"sizes":[]},"typography_font_size_tablet_extra":{"unit":"px","size":24,"sizes":[]},"typography_font_size_tablet":{"unit":"px","size":20,"sizes":[]},"typography_font_size_mobile_extra":{"unit":"px","size":18,"sizes":[]}},{"_id":"accent","title":"dm_sans_12_500","typography_typography":"custom","typography_font_family":"DM Sans","typography_font_weight":"500","typography_font_size":{"unit":"px","size":12,"sizes":[]},"typography_line_height":{"unit":"em","size":1.7,"sizes":[]}}],"custom_typography":[{"_id":"90d1037","title":"forum_21","typography_typography":"custom","typography_font_family":"Forum","typography_font_size":{"unit":"px","size":21,"sizes":[]},"typography_font_size_tablet":{"unit":"px","size":19,"sizes":[]},"typography_font_weight":"400","typography_line_height":{"unit":"em","size":1.4,"sizes":[]}},{"_id":"b4a4f43","title":"dm_sans_14_500","typography_typography":"custom","typography_font_family":"DM Sans","typography_font_size":{"unit":"px","size":14,"sizes":[]},"typography_font_weight":"500","typography_line_height":{"unit":"em","size":1.7,"sizes":[]}},{"_id":"28e2501","title":"dm_sans_15","typography_typography":"custom","typography_font_family":"DM Sans","typography_font_weight":"400","typography_line_height_mobile_extra":{"unit":"em","size":1.5,"sizes":[]},"typography_font_size":{"unit":"px","size":15,"sizes":[]},"typography_line_height":{"unit":"em","size":1.7,"sizes":[]}},{"_id":"721de07","title":"dm_sans_20","typography_typography":"custom","typography_font_family":"DM Sans","typography_font_size_tablet":{"unit":"px","size":18,"sizes":[]},"typography_font_size_mobile_extra":{"unit":"px","size":16,"sizes":[]},"typography_font_weight":"400","typography_line_height_tablet":{"unit":"em","size":1.5,"sizes":[]},"typography_font_size":{"unit":"px","size":20,"sizes":[]},"typography_line_height":{"unit":"em","size":1.5,"sizes":[]}},{"_id":"391abb4","title":"dm_sans_24_300","typography_typography":"custom","typography_font_family":"DM Sans","typography_font_size":{"unit":"px","size":24,"sizes":[]},"typography_font_size_tablet_extra":{"unit":"px","size":20,"sizes":[]},"typography_font_size_tablet":{"unit":"px","size":18,"sizes":[]},"typography_font_weight":"300","typography_line_height":{"unit":"em","size":1.5,"sizes":[]}},{"_id":"4c8242c","title":"dm_sans_18","typography_typography":"custom","typography_font_family":"DM Sans","typography_font_size":{"unit":"px","size":18,"sizes":[]},"typography_font_size_tablet":{"unit":"px","size":16,"sizes":[]},"typography_font_weight":"400","typography_line_height":{"unit":"em","size":1.5,"sizes":[]}},{"_id":"9e9c3f0","title":"forum_32","typography_typography":"custom","typography_font_family":"Forum","typography_font_size":{"unit":"px","size":32,"sizes":[]},"typography_font_size_tablet_extra":{"unit":"px","size":28,"sizes":[]},"typography_font_size_tablet":{"unit":"px","size":24,"sizes":[]},"typography_font_weight":"400","typography_line_height":{"unit":"em","size":1.3,"sizes":[]}},{"_id":"f852c17","title":"forum_32","typography_typography":"custom","typography_font_family":"Forum","typography_font_size":{"unit":"px","size":32,"sizes":[]},"typography_font_size_tablet_extra":{"unit":"px","size":26,"sizes":[]},"typography_font_size_tablet":{"unit":"px","size":22,"sizes":[]},"typography_font_size_mobile_extra":{"unit":"px","size":20,"sizes":[]},"typography_font_weight":"400","typography_line_height":{"unit":"em","size":1.3,"sizes":[]}}],"default_generic_fonts":"Sans-serif","page_title_selector":"h1.entry-title","active_breakpoints":["viewport_mobile","viewport_mobile_extra","viewport_tablet","viewport_tablet_extra","viewport_widescreen"],"viewport_mobile":575.98,"viewport_tablet":991.98,"viewport_md":576.98,"viewport_lg":992.98,"viewport_mobile_extra":767.98,"viewport_tablet_extra":1199.98,"viewport_laptop":1399.98,"container_width_tablet_extra":{"unit":"px","size":960,"sizes":[]},"container_width_tablet":{"unit":"px","size":720,"sizes":[]},"container_width_mobile_extra":{"unit":"px","size":540,"sizes":[]},"container_width_mobile":{"unit":"%","size":"","sizes":[]},"container_padding":{"unit":"px","top":"0","right":"0","bottom":"0","left":"0","isLinked":true},"space_between_widgets":{"column":"0","row":"0","isLinked":true,"unit":"px","size":0},"colors_enable_styleguide_preview":"yes","typography_enable_styleguide_preview":"yes","body_typography_typography":"custom","body_typography_font_family":"DM Sans","activeItemIndex":6,"__globals__":{"h1_typography_typography":"globals\/typography?id=primary","h2_typography_typography":"globals\/typography?id=primary","button_typography_typography":"globals\/typography?id=secondary","button_text_color":"globals\/colors?id=secondary","button_background_color":"globals\/colors?id=primary","button_hover_text_color":"globals\/colors?id=primary","button_hover_background_color":"globals\/colors?id=secondary","h3_typography_typography":"globals\/typography?id=90d1037","h4_typography_typography":""},"h1_typography_typography":"custom","h1_typography_font_family":"Forum","h1_typography_font_size":{"unit":"px","size":56,"sizes":[]},"h1_typography_font_weight":"400","h1_typography_line_height":{"unit":"em","size":1.3,"sizes":[]},"h2_typography_typography":"custom","h2_typography_font_family":"Forum","h2_typography_font_size":{"unit":"px","size":56,"sizes":[]},"h2_typography_font_weight":"400","h2_typography_line_height":{"unit":"em","size":1.3,"sizes":[]},"button_typography_typography":"custom","button_typography_font_family":"DM Sans","button_typography_font_size":{"unit":"px","size":16,"sizes":[]},"button_typography_font_weight":"400","button_typography_line_height":{"unit":"em","size":1.7,"sizes":[]},"button_text_shadow_text_shadow_type":"yes","button_border_radius":{"unit":"px","top":"7","right":"7","bottom":"7","left":"7","isLinked":true},"button_padding":{"unit":"px","top":"10","right":"20","bottom":"10","left":"20","isLinked":false},"h1_typography_font_size_tablet_extra":{"unit":"px","size":44,"sizes":[]},"h1_typography_font_size_tablet":{"unit":"px","size":34,"sizes":[]},"h1_typography_font_size_mobile_extra":{"unit":"px","size":26,"sizes":[]},"h1_typography_font_size_mobile":{"unit":"px","size":22,"sizes":[]},"h2_typography_font_size_tablet_extra":{"unit":"px","size":44,"sizes":[]},"h2_typography_font_size_tablet":{"unit":"px","size":34,"sizes":[]},"h2_typography_font_size_mobile_extra":{"unit":"px","size":26,"sizes":[]},"h2_typography_font_size_mobile":{"unit":"px","size":22,"sizes":[]},"button_typography_font_size_mobile_extra":{"unit":"px","size":15,"sizes":[]},"button_hover_border_radius":{"unit":"px","top":"7","right":"7","bottom":"7","left":"7","isLinked":true},"viewport_widescreen":1399.98,"container_width_widescreen":{"unit":"px","size":1320,"sizes":[]},"container_width":{"unit":"px","size":1320,"sizes":[]}},"metadata":[]}